,District,Avg HS Score,Avg MS Score,Avg ES Score,avg,Rank score (2017),Differences
1,San Marino Unified,95.9,95.9,99.1,96.96666667,98.9,-1.933333333
2,La Canada Unified,95.9,95.9,98.2,96.66666667,98.3,-1.633333333
5,Manhattan Beach Unified,94.9,94.9,97.04,95.61333333,96.8,-1.186666667
7,Albany City Unified,94.8,94.8,94.36666667,94.65555556,94.4,0.255555556
9,South Pasadena Unified,93.5,93.5,96.33333333,94.44444444,96.2,-1.755555556
4,Palo Alto Unified,95,95,93.29166667,94.43055556,94.5,-0.069444444
12,Laguna Beach Unified,93.1,93.1,96.05,94.08333333,95.4,-1.316666667
8,Carmel Unified,94.2,94.2,93.6,94,94.4,-0.4
10,Los Alamitos Unified,93.2,93.2,95.58333333,93.99444444,95.3,-1.305555556
6,Beverly Hills Unified,94.9,94.9,90.125,93.30833333,90.3,3.008333333
15,Arcadia Unified,92,92,95.33333333,93.11111111,95.2,-2.088888889
11,Walnut Valley Unified,93.2,93.2,92.2,92.86666667,92.4,0.466666667
21,Piedmont City Unified,86.95,86.95,98.26666667,90.72222222,95,-4.277777778
17,Coronado Unified,91,91,86.65,89.55,89.6,-0.05
19,Scotts Valley Unified,88.5,88.5,90.85,89.28333333,90.3,-1.016666667
16,Pacific Grove Unified,91.9,91.9,82.3,88.7,87.3,1.4
41,Irvine Unified,77.82,94.1,91.32083333,87.74694444,90.6,-2.853055556
57,Pleasanton Unified,72.03333333,96.4,94.52222222,87.65185185,90.7,-3.048148148
36,Poway Unified,79.31666667,91.24,89.57692308,86.71119658,88,-1.288803419
24,Las Virgenes Unified,85.1,85.1,88.21111111,86.13703704,87.6,-1.462962963
14,Saint Helena Unified,92.1,92.1,71.5,85.23333333,81.2,4.033333333
33,San Ramon Valley Unified,80.68333333,80.68333333,94.2952381,85.22063492,92.2,-6.979365079
79,Palos Verdes Peninsula Unified,66.4,92.9,94.38,84.56,89.1,-4.54
88,Oak Park Unified,65,89.6,95.53333333,83.37777778,82.1,1.277777778
65,Carlsbad Unified,70.8,88.4,90.9,83.36666667,85.3,-1.933333333
51,Davis Joint Unified,73.35,91.93333333,82.9,82.72777778,82.3,0.427777778
25,Lammersville Joint Unified,84.6,84.6,77.96,82.38666667,82.3,0.086666667
3,Scott Valley Unified,95.2,95.2,56.75,82.38333333,69.9,12.48333333
46,Fremont Unified,75.35714286,85.16666667,85.55357143,82.02579365,84.6,-2.574206349
26,Loomis Union Elementary,83.4,83.4,75.4125,80.7375,81.4,-0.6625
23,Twin Hills Union Elementary,85.6,85.6,70.6,80.6,81.1,-0.5
32,Wiseburn Unified,81.3,81.3,76.86666667,79.82222222,82,-2.177777778
94,Santa Monica-Malibu Unified,63.2,90.35,85.42727273,79.65909091,82.4,-2.740909091
55,Torrance Unified,72.26,86.85,79.59411765,79.56803922,79.6,-0.031960784
68,Rocklin Unified,69.74,84.3,83.95,79.33,81.5,-2.17
47,Placentia-Yorba Linda Unified,75.01428571,84.98333333,77.67727273,79.22496392,79,0.224963925
13,Mendocino Unified,92.8,92.8,51.4,79,,79
127,Temple City Unified,57.15,92.6,87.2,78.98333333,78.2,0.783333333
64,Conejo Valley Unified,70.85,91.13333333,74.58235294,78.85522876,76.6,2.255228758
133,Dublin Unified,56.25,88.8,91.31428571,78.78809524,83.4,-4.611904762
38,Saddleback Valley Unified,78.15,90.04,66.17727273,78.12242424,71.8,6.322424242
0,Hawthorne,97.6,97.6,38.5,77.9,47.4,30.5
53,Clovis Unified,72.8375,81.04285714,79.303125,77.72782738,77.6,0.127827381
91,San Luis Coastal Unified,64.03333333,85.55,82.8,77.46111111,80.5,-3.038888889
18,Orcutt Union Elementary,89.3,89.3,52.38571429,76.9952381,59.3,17.6952381
34,Golden Valley Unified,80.5,80.5,68.55,76.51666667,74.1,2.416666667
74,El Segundo Unified,69.25,69.25,89.4,75.96666667,81.3,-5.333333333
187,Redondo Beach Unified,50.3,84.8,92.5625,75.8875,85,-9.1125
95,Bonita Unified,63.16666667,88.65,75.6375,75.81805556,74.8,1.018055556
50,Capistrano Unified,73.67,80.32222222,73.43076923,75.80766382,77.8,-1.992336182
60,Redlands Unified,71.58,85.2,69.75,75.51,71.2,4.31
73,Temecula Valley Unified,69.33333333,80.02,76.61052632,75.32128655,77,-1.67871345
174,Castro Valley Unified,51.45,86.9,86.05555556,74.80185185,81,-6.198148148
35,Bonsall Unified,79.8,79.8,64.63333333,74.74444444,70.6,4.144444444
166,Milpitas Unified,52.3,91.3,78.82222222,74.14074074,77.4,-3.259259259
161,Glendora Unified,52.9,90.9,78.14,73.98,75.2,-1.22
45,Carpinteria Unified,75.6,75.6,69.875,73.69166667,70,3.691666667
78,Tustin Unified,67.175,85.73333333,68.01052632,73.63961988,68.7,4.939619883
104,Alhambra Unified,61.7,87.93333333,70.53076923,73.38803419,73.2,0.188034188
99,Claremont Unified,62.05,88.4,69.2,73.21666667,70.5,2.716666667
102,Alameda Unified,61.83333333,82.025,74.35454545,72.73762626,73.3,-0.562373737
27,Gridley Unified,83.3,83.3,50.4,72.33333333,58.4,13.93333333
177,Benicia Unified,51.3,86.8,77.7,71.93333333,70.4,1.533333333
83,Murrieta Valley Unified,65.875,78.56666667,71.33636364,71.9260101,72.1,-0.173989899
84,Glendale Unified,65.7,76.54,73,71.74666667,72.4,-0.653333333
172,Moorpark Unified,51.95,84.5,78.75,71.73333333,69.9,1.833333333
49,Live Oak Elementary,73.8,73.8,67.325,71.64166667,69.7,1.941666667
112,ABC Unified,60.46666667,86.075,67.18947368,71.24371345,69.2,2.04371345
211,Brea-Olinda Unified,48.05,81.3,83.55,70.96666667,76.7,-5.733333333
56,Chula Vista Elementary,72.1,72.1,67.6,70.6,70.5,0.1
29,Cotati-Rohnert Park Unified,82.53333333,82.53333333,46.21666667,70.42777778,56.1,14.32777778
28,Lennox,82.95,82.95,45,70.3,48.6,21.7
70,Garden Grove Unified,69.6875,78.25714286,62.54418605,70.16294297,66.7,3.462942968
144,Burbank Unified,55.18,77.8,77,69.99333333,67.8,2.193333333
111,Corona-Norco Unified,60.66666667,82.56666667,66.546875,69.92673611,66.1,3.826736111
43,Menifee Union Elementary,76,76,57,69.66666667,62.2,7.466666667
136,Tahoe-Truckee Unified,55.96666667,78.9,73.48333333,69.45,73.2,-3.75
22,Fall River Joint Unified,85.7,85.7,35.6,69,61.1,7.9
201,San Gabriel Unified,49.2,89.5,68.06,68.92,57.5,11.42
31,Coast Unified,81.8,81.8,42.8,68.8,67.2,1.6
52,Durham Unified,73,73,59.8,68.6,69.4,-0.8
20,Nuview Union,87.6,87.6,30.26666667,68.48888889,44.9,23.58888889
155,Livermore Valley Joint Unified,53.475,84.85,66.21818182,68.18106061,66.7,1.481060606
80,Templeton Unified,66.3,66.3,71.5,68.03333333,72.6,-4.566666667
92,Ventura Unified,63.78,77.45,62.23529412,67.82176471,64.6,3.221764706
165,Santa Clara Unified,52.7,83.95,66.13529412,67.59509804,66.7,0.895098039
243,Culver City Unified,44.25,79.3,77.48,67.01,70.6,-3.59
77,Live Oak Unified,68,68,64.35,66.78333333,63.2,3.583333333
228,Oxnard Union High,46.43,54.9625,98.2,66.53083333,51.1,15.43083333
197,Berkeley Unified,49.85,71.9,77.78181818,66.51060606,72,-5.489393939
89,Vacaville Unified,64.925,82.73333333,51.54545455,66.40126263,58.9,7.501262626
37,Sbc - High Technical High,79.2,79.2,40.3,66.23333333,57.9,8.333333333
114,Newport-Mesa Unified,60.17142857,67.83333333,68.76666667,65.59047619,67,-1.40952381
110,San Francisco Unified,60.95,78.23846154,56.70410959,65.29752371,59.2,6.097523709
115,Novato Unified,60.075,73.7,60.68888889,64.8212963,66,-1.178703704
76,Middletown Unified,68.45,68.45,56.75,64.55,59.3,5.25
59,Lawndale Elementary,71.7,71.7,50.06666667,64.48888889,56.3,8.188888889
87,Ripon Unified,65.05,65.05,62.95,64.35,69.6,-5.25
106,San Diego Unified,61.42325581,73.64242424,57.87671233,64.3141308,57.7,6.614130795
131,Chico Unified,56.38,83.8,52.52777778,64.23592593,59.3,4.935925926
134,Folsom-Cordova Unified,56.01666667,70.55,65.41428571,63.99365079,63.8,0.193650794
108,Gilroy Unified,61.025,76.83333333,53.38888889,63.74907407,61,2.749074074
175,Petaluma Joint Union High,51.42,74.63333333,64.9,63.65111111,61.1,2.551111111
209,Travis Unified,48.2,77.3,64.76,63.42,63.4,0.02
42,Black Oak Mine Unified,77,77,35.6,63.2,46.9,16.3
54,Shoreline Unified,72.8,72.8,43.95,63.18333333,56.1,7.083333333
66,Lakeside Union Elementary,69.85,69.85,49.27142857,62.99047619,63.6,-0.60952381
67,Lakeside Union Elementary,69.85,69.85,49.27142857,62.99047619,28.3,34.69047619
71,Hart-Ransom Union Elementary,69.5,69.5,49.9,62.96666667,58.5,4.466666667
72,Cabrillo Unified,69.4,69.4,49.85,62.88333333,56.9,5.983333333
203,San Marcos Unified,48.78,69.3,70.40909091,62.82969697,66.2,-3.37030303
216,Santa Clara County Office Of Education,47.82,74.26666667,65.17272727,62.41979798,61.7,0.71979798
40,Calipatria Unified,78,78,30.4,62.13333333,49.5,12.63333333
119,Simi Valley Unified,59.64,71.125,55.62222222,62.12907407,59.2,2.929074074
121,Lucia Mar Unified,59.5,73.9,52.83636364,62.07878788,57.9,4.178787879
309,Orange County Department Of Education,37.42,77.15,71.3,61.95666667,43.6,18.35666667
30,Laytonville Unified,82.5,82.5,20,61.66666667,,61.66666667
103,San Lorenzo Valley Unified,61.8,61.8,60.825,61.475,65.1,-3.625
58,Winters Joint Unified,71.9,71.9,40.4,61.4,46.5,14.9
86,Mesa Union Elementary,65.4,65.4,53.1,61.3,66,-4.7
162,Elk Grove Unified,52.88571429,71.62222222,59.38292683,61.29695445,58.5,2.796954446
192,Downey Unified,50,70.1,63.37777778,61.15925926,60.4,0.759259259
81,Holtville Unified,66.2,66.2,51.05,61.15,61.7,-0.55
149,Morgan Hill Unified,54.03333333,74.7,54.35555556,61.02962963,60,1.02962963
85,Hughson Unified,65.6,65.6,51.8,61,,61
191,Chino Valley Unified,50.06666667,69.425,63.46086957,60.98417874,62.8,-1.815821256
63,Silver Valley Unified,71.1,71.1,40.5,60.9,51.1,9.8
44,Camptonville Elementary,75.8,75.8,30.2,60.6,,60.6
61,William S. Hart Union High,71.40769231,80.78181818,28.8,60.32983683,70.1,-9.77016317
129,Geyserville Unified,56.7,56.7,67.4,60.26666667,52.9,7.366666667
135,Orange Unified,56,67.675,56.27037037,59.98179012,57.8,2.181790123
215,Ramona City Unified,47.9,78.3,53.66666667,59.95555556,57.8,2.155555556
151,Amador County Unified,54,76.2,49.43333333,59.87777778,51,8.877777778
266,Martinez Unified,42.03333333,77.8,59.425,59.75277778,55.3,4.452777778
39,La Honda-Pescadero Unified,78.1,78.1,22.8,59.66666667,53.1,6.566666667
48,Colusa Unified,74.5,74.5,29.1,59.36666667,50.8,8.566666667
160,Covina-Valley Unified,53.025,67.13333333,57.62,59.25944444,58.6,0.659444444
182,Long Beach Unified,50.79230769,70.3625,56.35185185,59.16888651,57.4,1.768886515
206,Contra Costa County Office Of Education,48.675,87.9,40.6,59.05833333,,59.05833333
62,Escalon Unified,71.3,71.3,34.08,58.89333333,40.6,18.29333333
198,Monrovia Unified,49.73333333,67.1,59.74,58.85777778,61.7,-2.842222222
109,Keyes Union,61,61,54,58.66666667,58.6,0.066666667
93,Healdsburg Unified,63.3,63.3,49.4,58.66666667,55,3.666666667
163,West Covina Unified,52.825,65.5,57.08888889,58.4712963,59,-0.528703704
69,Roseland,69.7,69.7,36,58.46666667,47.6,10.86666667
252,Imperial Unified,43.2,76.2,54.7,58.03333333,54.8,3.233333333
125,Yosemite Unified,57.5,73,43.56666667,58.02222222,52.5,5.522222222
189,San Jose Unified,50.25,68.63333333,53.8037037,57.56234568,54.1,3.462345679
143,Kings Canyon Joint Unified,55.48333333,75.65,40.85,57.32777778,51.8,5.527777778
148,Snowline Joint Unified,54.2,75,42.36666667,57.18888889,51.9,5.288888889
250,Sanger Unified,43.675,75.1,52.53333333,57.10277778,58.2,-1.097222222
82,Plumas Unified,65.96,65.96,38.88,56.93333333,54,2.933333333
184,Sweetwater Union High,50.5,61.80909091,58.4,56.9030303,49.3,7.603030303
101,River Delta Joint Unified,61.9,61.9,46.88,56.89333333,49.7,7.193333333
369,Ventura County Office Of Education,26.725,67.2,76.5,56.80833333,49.7,7.108333333
313,New Haven Unified,36.7,80.5,53.14285714,56.78095238,50.1,6.680952381
156,Rowland Unified,53.275,67.66666667,49.30666667,56.74944444,53.8,2.949444444
152,Lodi Unified,53.74,75.1,41.37142857,56.73714286,45,11.73714286
90,Willits Unified,64.2,64.2,41.7,56.7,46,10.7
97,Muroc Joint Unified,62.75,62.75,44.55,56.68333333,47.7,8.983333333
240,Sierra Sands Unified,44.45,76.2,49.36666667,56.67222222,52.1,4.572222222
271,Sierra Unified,41.3,74.4,54,56.56666667,46.6,9.966666667
235,Center Joint Unified,45.15,77.9,45.625,56.225,51.5,4.725
142,Blochman Union Elementary,55.55,55.55,56.73333333,55.94444444,59.7,-3.755555556
107,Fort Bragg Unified,61.2,61.2,44.9,55.76666667,,55.76666667
236,Ojai Unified,45.05,76.1,46.1,55.75,50.6,5.15
141,Natomas Unified,55.71666667,73.575,37.64,55.64388889,44.8,10.84388889
208,Vista Unified,48.25555556,73.1,45.28888889,55.54814815,47.4,8.148148148
75,Southern Humboldt Joint Unified,69,69,28.06666667,55.35555556,41.4,13.95555556
231,Upland Unified,45.5,70.8,49.58,55.29333333,51.8,3.493333333
159,Riverside Unified,53.12727273,67.8,44.75666667,55.2279798,49.5,5.727979798
200,Napa Valley Unified,49.26666667,65.775,50.285,55.10888889,52.4,2.708888889
202,Ravendale-Termo Elementary,49.1,72.3,43.5,54.96666667,,54.96666667
270,Mt. Diablo Unified,41.55,70.44,52.90689655,54.96563218,51,3.965632184
118,Trinity Alps Unified,59.7,59.7,45.1,54.83333333,,54.83333333
333,Yucaipa-Calimesa Joint Unified,34.06666667,78.8,51.1375,54.66805556,54.3,0.368055556
224,Hacienda La Puente Unified,46.96666667,65.275,51.6826087,54.64142512,54,0.641425121
355,Tulare County Office Of Education,29.75,88.9,44.4,54.35,36.2,18.15
117,Calistoga Joint Unified,60,60,42.6,54.2,50.6,3.6
98,El Tejon Unified,62.5,62.5,37.3,54.1,52,2.1
227,Paso Robles Joint Unified,46.46666667,64.95,50.66666667,54.02777778,51.6,2.427777778
150,Santa Barbara Unified,54,64.55,42.56923077,53.70641026,50.7,3.006410256
244,Atascadero Unified,44.06666667,61.15,55.78571429,53.66746032,56.5,-2.832539683
96,Anderson Valley Unified,63.1,63.1,34.4,53.53333333,55.9,-2.366666667
213,Desert Sands Unified,47.91428571,60.98,50.99473684,53.29634085,48.8,4.496340852
219,Bellflower Unified,47.53333333,64.75,47.36363636,53.21565657,50.3,2.915656566
100,Aromas/San Juan Unified,62,62,35.15,53.05,45.8,7.25
105,Shandon Joint Unified,61.6,61.6,35.7,52.96666667,40.9,12.06666667
130,Summerville Union High,56.5,68.6,33.8,52.96666667,,52.96666667
264,Lake Tahoe Unified,42.2,66.8,49.2,52.73333333,49.6,3.133333333
158,Fairfield-Suisun Unified,53.14,63.975,40.7,52.605,42.8,9.805
350,Monterey County Office Of Education,31.45,54.05,72.25,52.58333333,49,3.583333333
176,Western Placer Unified,51.35,51.35,54.52222222,52.40740741,55.1,-2.692592593
212,San Lorenzo Unified,47.92,84.95,24.11111111,52.32703704,34.2,18.12703704
207,Apple Valley Unified,48.275,72.45,35.59090909,52.10530303,37.2,14.90530303
120,Newman-Crows Landing Unified,59.6,59.6,36.75,51.98333333,42,9.983333333
126,Fowler Unified,57.2,57.2,41.4,51.93333333,,51.93333333
122,Mountain Valley Unified,59.5,59.5,36.6,51.86666667,,51.86666667
287,Charter Oak Unified,39.8,54.5,60.9,51.73333333,56.3,-4.566666667
123,Chawanakee Unified,59.35,59.35,36.45,51.71666667,49.7,2.016666667
371,Los Angeles County Office Of Education,26.14375,71.825,55.9,51.28958333,32.6,18.68958333
154,Marcum-Illinois Union Elementary,53.5,53.5,46.75,51.25,53.3,-2.05
363,San Diego County Office Of Education,28.14,75.4,49.8,51.11333333,33.1,18.01333333
157,Tracy Joint Unified,53.22,63.75,36.08333333,51.01777778,44.5,6.517777778
221,Harmony Union Elementary,47.3,47.3,58.25,50.95,60.5,-9.55
146,Caruthers Unified,54.7,54.7,43.3,50.9,48.4,2.5
132,Firebaugh-Las Deltas Unified,56.3,56.3,39.9,50.83333333,44.5,6.333333333
334,Duarte Unified,33.73333333,63.6,54.78,50.70444444,42.4,8.304444444
188,Monterey Peninsula Unified,50.28,60.275,41.38461538,50.64653846,44.3,6.346538462
282,Oakdale Joint Unified,40.025,63.65,47.75,50.475,47.4,3.075
168,Palm Springs Unified,52.14,62.55,36.70625,50.46541667,38.9,11.56541667
204,Penn Valley Union Elementary,48.7,48.7,53.75,50.38333333,53.9,-3.516666667
194,Jefferson Elementary,49.9,49.9,51.32666667,50.37555556,69.4,-19.02444444
196,Jefferson Elementary,49.9,49.9,51.32666667,50.37555556,,50.37555556
195,Jefferson Elementary,49.9,49.9,51.32666667,50.37555556,53.3,-2.924444444
229,Santa Ana Unified,46.27272727,77.66,27.18648649,50.37307125,30.5,19.87307125
145,Hayward Unified,54.77142857,67.9,28.42608696,50.36583851,35.6,14.76583851
269,South San Francisco Unified,41.56666667,56.6,52.68888889,50.28518519,55.3,-5.014814815
292,Bishop Unified,39.35,70.3,40.4,50.01666667,41.3,8.716666667
260,Bassett Unified,42.6,66.5,40.8,49.96666667,45,4.966666667
226,Los Angeles Unified,46.53559322,62.72550336,40.36135182,49.87414947,41.9,7.974149465
190,Sacramento City Unified,50.22142857,65.02222222,33.94561404,49.72975494,38.8,10.92975494
170,Waterford Unified,52,64,33.15,49.71666667,45.3,4.416666667
297,Newark Unified,38.75,61.7,48.32857143,49.59285714,50.4,-0.807142857
113,Lakeport Unified,60.3,60.3,27.8,49.46666667,42.8,6.666666667
245,Lompoc Unified,44.06666667,61.35,42.81,49.40888889,44.3,5.108888889
140,Mountain Empire Unified,55.76666667,55.76666667,36.56,49.36444444,42.4,6.964444444
290,Lincoln Unified,39.6,63,45.18888889,49.26296296,45.4,3.862962963
248,Paradise Unified,43.825,67.85,36.1,49.25833333,43.2,6.058333333
257,Nevada County Office Of Education,42.73333333,59.35,45.325,49.13611111,53.8,-4.663888889
173,Redding Elementary,51.7,51.7,43.875,49.09166667,48.4,0.691666667
138,Mammoth Unified,55.9,55.9,35.1,48.96666667,49.2,-0.233333333
233,San Juan Unified,45.38125,60.36,40.49148936,48.74424645,42.4,6.344246454
180,Mariposa County Unified,50.8,50.8,44.475,48.69166667,55,-6.308333333
279,Oceanside Unified,40.175,64.6,39.66666667,48.14722222,45.2,2.947222222
339,Beaumont Unified,32.9,58.8,52.44285714,48.04761905,48.4,-0.352380952
124,Lucerne Valley Unified,58.85,58.85,25.8,47.83333333,39,8.833333333
153,Butte County Office Of Education,53.7,53.7,35.95,47.78333333,,47.78333333
169,Ukiah Unified,52.04,62.175,29.03333333,47.74944444,41.5,6.249444444
220,Princeton Joint Unified,47.3,47.3,48.5,47.7,52.1,-4.4
255,Calaveras Unified,42.85,74.3,25.94,47.69666667,32.7,14.99666667
253,Visalia Unified,43.125,59,40.53076923,47.55192308,45.1,2.451923077
289,Pasadena Unified,39.7375,56.14,46.665,47.51416667,44.7,2.814166667
181,Cloverdale Unified,50.8,50.8,40.9,47.5,40,7.5
274,El Rancho Unified,40.7,69.3,32.4,47.46666667,37.2,10.26666667
223,Oakland Unified,47.08518519,64.38235294,30.37571429,47.28108414,34.9,12.38108414
310,Maxwell Unified,37.3,37.3,66.4,47,53.2,-6.2
263,Norwalk-La Mirada Unified,42.25,53.16666667,45.55294118,46.98986928,45.9,1.089869281
322,Windsor Unified,35.2,62.2,43.4,46.93333333,44.2,2.733333333
323,El Dorado County Office Of Education,35.15,56.7,48.8,46.88333333,45.9,0.983333333
242,West Contra Costa Unified,44.31666667,62.08571429,34.22051282,46.87429792,36.5,10.37429792
298,Acton-Agua Dulce Unified,38.72857143,54.675,47.21666667,46.8734127,38.9,7.973412698
205,Stockton Unified,48.69230769,72.14285714,19.72553191,46.85356558,22.3,24.55356558
218,Sierra-Plumas Joint Unified,47.8,47.8,44.9,46.83333333,,46.83333333
247,Dixon Unified,43.9,62.4,34.2,46.83333333,43.3,3.533333333
268,Eureka City Schools,41.75,73.1,25.625,46.825,29.6,17.225
300,Inglewood Unified,38.64,75,26.3375,46.65916667,28.2,18.45916667
246,Hemet Unified,44.0375,62.38,32.8,46.40583333,36.4,10.00583333
317,Bear Valley Unified,35.75,59.3,43.85,46.3,42.5,3.8
294,Liberty Elementary,39.2,39.2,59.93333333,46.11111111,42.3,3.811111111
293,Liberty Elementary,39.2,39.2,59.93333333,46.11111111,50.1,-3.988888889
273,Sonoma Valley Unified,40.85,70.2,26.2,45.75,34.9,10.85
251,Marysville Joint Unified,43.525,54.73333333,38.63571429,45.63134921,40.8,4.831349206
167,Ferndale Unified,52.2,52.2,32.4,45.6,51.7,-6.1
314,Turlock Unified,36.4,66.65,33.55555556,45.53518519,35.6,9.935185185
116,Gustine Unified,60,60,16.35,45.45,25.7,19.75
128,Hamilton Unified,56.8,56.8,22.3,45.3,37.2,8.1
267,Fresno Unified,41.93125,63.5375,30.32173913,45.26349638,30.4,14.86349638
147,John Swett Unified,54.2,54.2,27.3,45.23333333,39.3,5.933333333
295,Baldwin Park Unified,39.16,62.8,33.72307692,45.22769231,34.5,10.72769231
351,Selma Unified,31.4,71.8,32.34285714,45.18095238,34.1,11.08095238
348,Kerman Unified,31.75,54.4,49.25,45.13333333,44.3,0.833333333
276,Valley Center-Pauma Unified,40.35,70.5,24.26666667,45.03888889,28,17.03888889
280,Morongo Unified,40.16666667,55.1,39.68181818,44.98282828,41.3,3.682828283
278,Porterville Unified,40.2625,63.75,29.71,44.57416667,33.9,10.67416667
139,Kelseyville Unified,55.9,55.9,21.85,44.55,31.5,13.05
225,Jurupa Unified,46.6,55.875,31.075,44.51666667,34.6,9.916666667
230,New Jerusalem Elementary,46.16666667,61.03333333,25.6625,44.2875,35.4,8.8875
179,Pierce Joint Unified,50.9,50.9,31,44.26666667,37.8,6.466666667
137,Tulelake Basin Joint Unified,55.9,55.9,20.6,44.13333333,40.4,3.733333333
183,Riverdale Joint Unified,50.5,50.5,30.5,43.83333333,36,7.833333333
258,Alvord Unified,42.725,53.66666667,34.68571429,43.69246032,37.1,6.592460317
346,Linden Unified,31.9,53.3,45.63333333,43.61111111,43.1,0.511111111
296,Lake Elsinore Unified,38.76,55.66666667,36.39333333,43.60666667,39.2,4.406666667
232,Pajaro Valley Unified,45.41666667,57.85,27.09473684,43.45380117,30.3,13.15380117
286,Val Verde Unified,39.85,49.83333333,40.49166667,43.39166667,39.6,3.791666667
288,Woodland Joint Unified,39.76666667,54.9,35.38181818,43.34949495,38.1,5.249494949
185,Potter Valley Community Unified,50.4,50.4,29.2,43.33333333,28.2,15.13333333
164,East Side Union High,52.74545455,69.63333333,7.3,43.22626263,50.3,-7.073737374
241,Helendale Elementary,44.325,54.8,30.33333333,43.15277778,36.9,6.252777778
277,Pomona Unified,40.3,52.4,35.71851852,42.80617284,37.7,5.10617284
328,Gateway Unified,34.5,57.05,36.78,42.77666667,37.6,5.176666667
341,Julian Union Elementary,32.7,52.4,42.53333333,42.54444444,48.5,-5.955555556
299,Ceres Unified,38.72,56.9,31.45333333,42.35777778,35.1,7.257777778
324,Santa Paula Unified,35,60.8,31.26666667,42.35555556,31.3,11.05555556
259,Siskiyou County Office Of Education,42.7,42.7,41.5,42.3,,42.3
329,Rim Of The World Unified,34.4,58.2,34,42.2,34.9,7.3
284,Vallejo City Unified,39.925,62.55,23.86875,42.11458333,25.3,16.81458333
306,Azusa Unified,37.8,51.6,36.31818182,41.90606061,36.4,5.506060606
305,Yuba City Unified,37.92,49.03333333,38.35714286,41.77015873,40.9,0.87015873
359,Washington Unified,28.84,58.65,37.56363636,41.68454545,26.6,15.08454545
358,Washington Unified,28.84,58.65,37.56363636,41.68454545,42.9,-1.215454545
291,Kern County Office Of Education,39.35,68.25,17.375,41.65833333,27.2,14.45833333
319,Del Norte County Unified,35.45,61.2,27.2,41.28333333,30.1,11.18333333
347,Exeter Unified,31.8,49.7,42.35,41.28333333,40,1.283333333
353,San Leandro Unified,31.15,53.6,39.05,41.26666667,36.4,4.866666667
331,Patterson Joint Unified,34.25,57.4,31.98,41.21,31.7,9.51
302,Manteca Unified,38.35,52.34,32.72,41.13666667,39,2.136666667
307,Antioch Unified,37.73333333,59.6,25.475,40.93611111,30.9,10.03611111
320,Palmdale Elementary,35.36666667,65.8,21.05652174,40.7410628,21.8,18.9410628
210,Piner-Olivet Union Elementary,48.1,48.1,25.9,40.7,35.5,5.2
238,Mendota Unified,44.8,44.8,31.75,40.45,32.2,8.25
308,Riverbank Unified,37.5,62.2,21.36666667,40.35555556,31.2,9.155555556
325,Stanislaus County Office Of Education,35,60.4,25.45,40.28333333,27.1,13.18333333
265,Gorman Joint,42.1,42.1,36.05,40.08333333,41.3,-1.216666667
193,Modoc Joint Unified,49.9,49.9,19.8,39.86666667,35.5,4.366666667
344,Los Banos Unified,32.075,51.1,36.14444444,39.77314815,33.9,5.873148148
354,Tehachapi Unified,30.3,44.8,44,39.7,44.5,-4.8
304,Hesperia Unified,38.02222222,50.58333333,29.96470588,39.52342048,29.4,10.12342048
285,Oro Grande Elementary,39.9,63.9,14.43333333,39.41111111,20.9,18.51111111
171,Big Valley Joint Unified,52,52,13.8,39.26666667,30.1,9.166666667
332,Borrego Springs Unified,34.2,55.5,27.9,39.2,32.3,6.9
340,San Jacinto Unified,32.8,52.5,31.0875,38.79583333,35.9,2.895833333
178,McFarland Unified,51.1,51.1,14,38.73333333,21.3,17.43333333
335,Alpaugh Unified,33.65,55.6,26.75,38.66666667,29.4,9.266666667
239,Jamestown Elementary,44.5,44.5,26.5,38.5,35.6,2.9
365,Dehesa Elementary,27.825,42,45.58,38.46833333,44.8,-6.331666667
217,Woodlake Unified,47.8,47.8,19.5,38.36666667,34.1,4.266666667
186,Orland Joint Unified,50.3,50.3,14.1,38.23333333,25.6,12.63333333
326,San Bernardino City Unified,34.76666667,52.6375,27.05849057,38.15421908,28.3,9.854219078
345,Twin Rivers Unified,31.94166667,53.26,28.928125,38.04326389,28.8,9.243263889
234,Meridian Elementary,45.3,45.3,23.3,37.96666667,,37.96666667
303,Fontana Unified,38.17142857,49.1,26.4862069,37.91921182,27.2,10.71921182
374,Central Unified,24.56666667,46.9,42.06428571,37.84365079,41,-3.156349206
283,South Bay Union Elementary,40,40,32.65,37.55,,37.55
301,Moreno Valley Unified,38.35714286,50.02,23.87391304,37.41701863,23.9,13.51701863
362,Paramount Unified,28.45,47.6,36.03636364,37.36212121,38.1,-0.737878788
357,Warner Unified,29.5,48.2,34.35,37.35,,37.35
254,Golden Feather Union Elementary,42.9,42.9,26.1,37.3,36,1.3
214,Esparto Unified,47.9,47.9,15.8,37.2,22.4,14.8
327,Colton Joint Unified,34.75,42.73333333,33.98333333,37.15555556,34,3.155555556
222,Williams Unified,47.2,47.2,16.9,37.1,,37.1
315,Dos Palos Oro Loma Joint Unified,36.35,61.6,12.9,36.95,22.3,14.65
312,Lone Pine Unified,36.7,36.7,37.3,36.9,39.2,-2.3
275,Calaveras County Office Of Education,40.6,40.6,28.7,36.63333333,,36.63333333
318,Fillmore Unified,35.55,56.7,17.55,36.6,21.5,15.1
199,Klamath-Trinity Joint Unified,49.6,49.6,9.4,36.2,,36.2
281,State Board Of Education - Lifeline Education Charter,40.1,40.1,27.8,36,,36
360,Delhi Unified,28.6,48.2,31.06666667,35.95555556,30.4,5.555555556
337,Armona Union Elementary,33.3,52.3,21.6,35.73333333,22.6,13.13333333
262,Los Molinos Unified,42.5,42.5,21.75,35.58333333,32.1,3.483333333
321,Denair Unified,35.25,55,16.2,35.48333333,,35.48333333
261,Corcoran Joint Unified,42.5,42.5,21,35.33333333,,35.33333333
330,Spencer Valley Elementary,34.35,48,22.9,35.08333333,,35.08333333
338,Madera Unified,33.2,45.9,25.92631579,35.00877193,29.8,5.20877193
352,Burton Elementary,31.4,43.6,29,34.66666667,32,2.666666667
343,Montebello Unified,32.21666667,42.825,28.81764706,34.61977124,28.4,6.219771242
256,Laton Joint Unified,42.8,42.8,17.7,34.43333333,26.1,8.333333333
377,Cutler-Orosi Joint Unified,22.6,36.9,43.6,34.36666667,33.9,0.466666667
378,Riverside County Office Of Education,20.68333333,58.3,23.3,34.09444444,21.7,12.39444444
237,Golden Plains Unified,44.8,44.8,12.625,34.075,20.1,13.975
364,Lynwood Unified,27.9,43,30.16666667,33.68888889,28.6,5.088888889
249,Biggs Unified,43.8,43.8,13.3,33.63333333,20.5,13.13333333
379,Alameda County Office Of Education,20.33333333,41.4,38.56,33.43111111,28.8,4.631111111
316,Loleta Union Elementary,36.1,36.1,27.5,33.23333333,30.1,3.133333333
373,Banning Unified,25.56666667,54.1,19.8,33.15555556,18.1,15.05555556
356,Rialto Unified,29.54,42.76666667,26.91052632,33.07239766,25,8.072397661
370,Pittsburg Unified,26.45,43.8,28.2875,32.84583333,25.6,7.245833333
311,Emery Unified,37,37,23.8,32.6,22.3,10.3
336,North Monterey County Unified,33.4,45.4,18.975,32.59166667,22.3,10.29166667
380,Dinuba Unified,19.96666667,39.2,37.03333333,32.06666667,33.5,-1.433333333
349,Konocti Unified,31.53333333,53.3,9.7,31.51111111,12.7,18.81111111
375,Southern Kern Unified,23.83333333,50.4,19.4,31.21111111,19.5,11.71111111
372,Gonzales Unified,25.8,43.4,23.9,31.03333333,20.2,10.83333333
272,Fort Sage Unified,41.3,41.3,8.6,30.4,,30.4
361,Barstow Unified,28.55,39.6,22.2,30.11666667,26.6,3.516666667
366,Hilmar Unified,27.75,45,17.6,30.11666667,23.8,6.316666667
342,Coachella Valley Unified,32.38,39.46666667,18.13571429,29.99412698,17.2,12.79412698
367,Calexico Unified,27.55,45.6,16,29.71666667,17.9,11.81666667
376,Coalinga-Huron Unified,23.73333333,50.9,12.6,29.07777778,15.1,13.97777778
368,Mojave Unified,27.5,37.1,11.45,25.35,14.2,11.15
,,,,,,,
,,,,,,MAX DIFF,79
,,,,,,MIN DIFF,-19.02444444